country,year,Life Ladder,Log GDP per capita,Social support,Healthy life expectancy at birth,Freedom to make life choices,Generosity,Perceptions of corruption,Positive affect,Negative affect,Confidence in national government,,,,,,,,,,,,,,
Belgium,2007,7.218839645,10.62809658,0.921602786,70.80735016,0.900870383,0.059451703,0.721093476,0.813477159,0.217604309,0.602238297,,,,,,,,,,,,,,
Belgium,2008,7.116590977,10.62763977,0.92297703,70.71643066,0.887026727,-0.00328514,0.651800513,0.81312269,0.241797924,0.46313706,,,,,,,,,,,,,,
Belgium,2010,6.853514194,10.61393547,0.930570185,71.16234589,0.806930244,0.012446591,0.697365582,0.828258514,0.240364328,0.33651647,,,,,,,,,,,,,,
Belgium,2011,7.111363888,10.61787605,0.936955452,71.51950836,0.880153596,-0.024040986,0.711043894,0.834544539,0.225056365,0.289129466,,,,,,,,,,,,,,
Belgium,2012,6.935122013,10.61220074,0.92711705,71.3420105,0.855266631,-0.05942956,0.757572532,0.820485771,0.238276809,0.44011718,,,,,,,,,,,,,,
Belgium,2013,7.10366106,10.60733891,0.909186184,71.52167511,0.890711069,0.007704371,0.573664308,0.797417402,0.217138946,0.554124534,,,,,,,,,,,,,,
Belgium,2014,6.855329037,10.61589241,0.943549156,71.52167511,0.86095351,-0.00751154,0.511975765,0.797633767,0.251557052,0.469111621,,,,,,,,,,,,,,
Belgium,2015,6.904219151,10.62469673,0.885208845,71.52167511,0.869474947,0.053688817,0.46878463,0.80517751,0.239958704,0.459024221,,,,,,,,,,,,,,
Belgium,2016,6.948936462,10.63217831,0.928964078,71.52167511,0.865759015,-0.064254232,0.4966591,0.764590085,0.259653389,0.419177502,,,,,,,,,,,,,,
